{
  "pricing": {
    "28lb": {
      "8.5x11": {
        "paperCost": 0.02,
        "colorClickCost": 0.043,
        "bwClickCost": 0.0069,
        "priceColor": 0.504,
        "priceBW": 0.2152
      },
      "11x17": {
        "paperCost": 0.07,
        "colorClickCost": 0.043,
        "bwClickCost": 0.0069,
        "priceColor": 0.904,
        "priceBW": 0.6152
      }
    },
    "20lb": {
      "8.5x11": {
        "paperCost": 0.008,
        "colorClickCost": 0.043,
        "bwClickCost": 0.0069,
        "priceColor": 0.357,
        "priceBW": 0.1043
      },
      "11x17": {
        "paperCost": 0.04,
        "colorClickCost": 0.043,
        "bwClickCost": 0.0069,
        "priceColor": 0.581,
        "priceBW": 0.3283
      }
    },
    "80c": {
      "8.5x11": {
        "paperCost": 0.05,
        "colorClickCost": 0.043,
        "bwClickCost": 0.0069,
        "priceColor": 0.651,
        "priceBW": 0.3983
      },
      "11x17": {
        "paperCost": 0.105,
        "colorClickCost": 0.043,
        "bwClickCost": 0.0069,
        "priceColor": 1.036,
        "priceBW": 0.7833
      }
    },
    "110c": {
      "8.5x11": {
        "paperCost": 0.17,
        "colorClickCost": 0.043,
        "bwClickCost": 0.0069,
        "priceColor": 1.491,
        "priceBW": 1.2383
      },
      "11x17": {
        "paperCost": 0.32,
        "colorClickCost": 0.043,
        "bwClickCost": 0.0069,
        "priceColor": 2.541,
        "priceBW": 2.2883
      }
    },
    "80t": {
      "8.5x11": {
        "paperCost": 0.05,
        "colorClickCost": 0.043,
        "bwClickCost": 0.0069,
        "priceColor": 0.651,
        "priceBW": 0.3983
      },
      "11x17": {
        "paperCost": 0.09,
        "colorClickCost": 0.043,
        "bwClickCost": 0.0069,
        "priceColor": 0.931,
        "priceBW": 0.6783
      }
    },
    "100t": {
      "8.5x11": {
        "paperCost": 0.06,
        "colorClickCost": 0.043,
        "bwClickCost": 0.0069,
        "priceColor": 0.721,
        "priceBW": 0.4683
      },
      "11x17": {
        "paperCost": 0.12,
        "colorClickCost": 0.043,
        "bwClickCost": 0.0069,
        "priceColor": 1.141,
        "priceBW": 0.8883
      }
    },
    "14pt": {
      "12x18": {
        "paperCost": 0.43,
        "colorClickCost": 0.043,
        "bwClickCost": 0.0069,
        "priceColor": 1.892,
        "priceBW": 1.7476
      }
    },
    "18pt": {
      "12x18": {
        "paperCost": 0.57,
        "colorClickCost": 0.043,
        "bwClickCost": 0.0069,
        "priceColor": 2.7585,
        "priceBW": 2.596
      }
    }
  },
  "markupPerPaper": {
    "28lb": "700",
    "20lb": "600",
    "80c": "600",
    "110c": "600",
    "80t": "600",
    "100t": "600",
    "14pt": "300",
    "18pt": "350"
  },
  "defaultColorClick": 0.043,
  "defaultBWClick": 0.0069,
  "quantityDiscounts": [
    {
      "minSheets": 50,
      "percent": 10,
      "discountPercent": 10
    },
    {
      "minSheets": 150,
      "percent": 15,
      "discountPercent": 15
    },
    {
      "minSheets": 250,
      "percent": 20,
      "discountPercent": 20
    },
    {
      "minSheets": 350,
      "percent": 25,
      "discountPercent": 25
    },
    {
      "minSheets": 450,
      "percent": 30,
      "discountPercent": 30
    },
    {
      "minSheets": 550,
      "percent": 40,
      "discountPercent": 35
    },
    {
      "minSheets": 650,
      "percent": 50,
      "discountPercent": 40
    }
  ],
  "backSideFactor": 0.5
}